param_hist/Threshold,Iterations,miss_prediction_rate,Execution(ms),Accuracy 
4,5,7.69435,1881.68883323669,
9,5,7.67535,1917.38796234131,
15,5,7.720250000000000,1938.54999542236,
21,5,7.7922,1954.82587814331,
4,10,6.1583,2713.28687667847,
9,10,6.20255,2717.29683876038,
15,10,6.27665,2711.66682243347,
21,10,6.33785,2779.38795089722,
4,25,4.97735,5110.01586914063,95.02265
9,25,5.0107,5120.43690681458,94.9893
15,25,5.0614,5144.86289024353,94.9386
21,25,5.10165,5230.42511940002,94.89835