param_hist/Threshold,Iterations,miss_prediction_rate,Execution(ms),Accuracy
4,5,6.988950000000000,1746.33121490479,
9,5,6.96915,1773.73504638672,
15,5,6.9658,1746.95801734924,
21,5,6.96105,1804.96597290039,
4,10,6.5581,2479.7158241272,
9,10,6.5517,2481.40478134155,
15,10,6.5454,2508.77690315247,
21,10,6.5472,2481.41026496887,
4,25,6.2137,4570.88804244995,93.7863
9,25,6.22025,4590.65389633179,93.77975
15,25,6.2199,4656.4199924469,93.7801
21,25,6.2067,4634.4838142395,93.7933