param_hist/Threshold,Iterations,miss_prediction_rate,Execution(ms),Accuracy
4,5,5.47495,1810.90402603149,
9,5,5.50895,1836.21215820313,
15,5,5.5297,1850.60620307922,
21,5,5.5364000000000000,1851.56989097595,
4,10,3.3880500000000000,2577.64291763306,
9,10,3.37625,2608.71720314026,
15,10,3.3743000000000000,2587.57877349854,
21,10,3.3695500000000000,2583.24980735779,
4,25,2.0749,4658.09893608093,97.9251
9,25,2.0846,4687.82114982605,97.9154
15,25,2.079,4643.42999458313,97.921
21,25,2.0817,4696.34580612183,97.9183